"Query","Signal","SignalType","Start","End","ConfNuc","ConfFam","AnnotationType","Origin","Added","Modified"
"A0A087WQ44","KRGRPP","NLS","3048","3053","16","14","Potential","In Silico Mutagenesis","2017-10-11","2017-10-11"
"A0A087WQ44","KRRRGRP","NLS","2902","2908","3","3","Potential","In Silico Mutagenesis","2017-10-11","2017-10-11"
"A0A087WQ44","KRRRGRP","NLS","2982","2988","3","3","Potential","In Silico Mutagenesis","2017-10-11","2017-10-11"
"A0A087WQ44","KRRRHR","NLS","2811","2816","2","2","Potential","In Silico Mutagenesis","2017-10-11","2017-10-11"
"A0A087WQ44","PKRKRG","NLS","3045","3050","3","2","Potential","In Silico Mutagenesis","2017-10-11","2017-10-11"
"A0A087WQ44","RGRPPK","NLS","2905","2910","20","17","Potential","In Silico Mutagenesis","2017-10-11","2017-10-11"
"A0A087WQ44","RGRPPK","NLS","2985","2990","20","17","Potential","In Silico Mutagenesis","2017-10-11","2017-10-11"
"A0A087WQ44","RGRPPK","NLS","3049","3054","20","17","Potential","In Silico Mutagenesis","2017-10-11","2017-10-11"
"A0A087WQ44","RPPRRR","NLS","2764","2769","2","2","Potential","In Silico Mutagenesis","2017-10-11","2017-10-11"
"A0A087WQ44","RRGRPP","NLS","2904","2909","13","10","Potential","In Silico Mutagenesis","2017-10-11","2017-10-11"
"A0A087WQ44","RRGRPP","NLS","2984","2989","13","10","Potential","In Silico Mutagenesis","2017-10-11","2017-10-11"
"A0A087WQ44","VEKRRR","NLS","2980","2985","5","5","Potential","In Silico Mutagenesis","2017-10-11","2017-10-11"
"A2ARZ3","SSKKRK","NLS","333","338","13","12","Potential","In Silico Mutagenesis","2017-10-11","2017-10-11"
"A2ARZ3","LCDVDI","NES","1491","1496","1","1","Experimental","NESbase","2017-10-11","2017-10-11"
"E9Q309","HKIQK","NLS","2862","2866","3","3","Potential","In Silico Mutagenesis","2017-10-11","2017-10-11"
"E9Q309","HSPVKR","NLS","562","567","3","3","Potential","In Silico Mutagenesis","2017-10-11","2017-10-11"
"E9Q309","KKRGH","NLS","1633","1637","7","5","Potential","In Silico Mutagenesis","2017-10-11","2017-10-11"
"E9Q309","KRDRV","NLS","3033","3037","4","3","Potential","In Silico Mutagenesis","2017-10-11","2017-10-11"
"E9Q309","RKEKSR","NLS","97","102","11","3","Potential","In Silico Mutagenesis","2017-10-11","2017-10-11"
"E9Q309","RKKRDR","NLS","3031","3036","1","1","By Expert","Q96320","2017-10-11","2017-10-11"
"E9Q309","SPVKRK","NLS","563","568","3","3","Potential","In Silico Mutagenesis","2017-10-11","2017-10-11"
"G5E8J0","AKRKRK","NLS","1702","1707","4","4","Potential","In Silico Mutagenesis","2017-10-11","2017-10-11"
"G5E8J0","KARPH","NLS","1082","1086","2","2","Potential","In Silico Mutagenesis","2017-10-11","2017-10-11"
"I7HPW8","GKRGRR","NLS","124","129","2","2","Potential","In Silico Mutagenesis","2017-10-11","2017-10-11"
"I7HPW8","KRGRRR","NLS","125","130","2","2","Potential","In Silico Mutagenesis","2017-10-11","2017-10-11"
"O08807","RRWTR","NLS","15","19","2","2","Potential","In Silico Mutagenesis","2017-10-11","2017-10-11"
"P24668","KDKESK","NLS","39","44","2","2","Potential","In Silico Mutagenesis","2017-10-11","2017-10-11"
"Q3UKN6","KRKHED","NLS","211","216","3","3","Potential","In Silico Mutagenesis","2017-10-11","2017-10-11"
"Q8BGD9","KNKKGK","NLS","8","13","5","3","Potential","In Silico Mutagenesis","2017-10-11","2017-10-11"
"Q8BQ47","TGKRKR","NLS","76","81","4","3","Potential","In Silico Mutagenesis","2017-10-11","2017-10-11"
"Q8K169","MRHKR","NLS","469","473","4","3","Potential","In Silico Mutagenesis","2017-10-11","2017-10-11"
"Q91ZX7","KRPRC","NLS","2693","2697","1","1","By Expert","P03259","2017-10-11","2017-10-11"
"Q91ZX7","VKRPR","NLS","2692","2696","12","11","Potential","In Silico Mutagenesis","2017-10-11","2017-10-11"